INSERT INTO abogados (id, apellido, ci, correo, cuenta_eth, nombre, registro_abogado, telefono) VALUES
(1, 'Núñez Campos', '7554849', 'andrés.núñez@abogados.com', '0xdddd8e3d80bb574af9d552ad1fc5bae30852077a', 'Andrés', 'REG-001', '0420-4825046'),
(2, 'Ortega Soto', '6332019', 'ana.ortega@abogados.com', '0xd2738c37d038ef784027713d24a1c50476862c7c', 'Ana', 'REG-002', '0416-5600985'),
(3, 'Rodríguez Peña', '2222401', 'iván.rodríguez@abogados.com', '0x03b886f7a24223507a347c1aa6a82b452d060ff5', 'Iván', 'REG-003', '0417-5382640'),
(4, 'Romero Soto', '7288882', 'daniela.romero@abogados.com', '0x136fb7939dad76b0af178c745fe036fb3d5a9f03', 'Daniela', 'REG-004', '0428-1742680'),
(5, 'López Cárdenas', '1719214', 'sofía.lópez@abogados.com', '0x554c2c7343139384a2767a7176987b4ace227adf', 'Sofía', 'REG-005', '0424-4022888'),
(6, 'Salazar Lara', '3820347', 'iván.salazar@abogados.com', '0x379ff98da92e5a83937faa97d9c0b9155f27e367', 'Iván', 'REG-006', '0417-9627415'),
(7, 'Díaz Campos', '2766313', 'iván.díaz@abogados.com', '0x757f6d48b9010fbde24cff6987484444c99335a9', 'Iván', 'REG-007', '0426-1451413');

INSERT INTO clientes (id, apellido, ci, correo, cuenta_eth, fecha_nac, nombre, telefono) VALUES
(1, 'Romero Cruz', '2210695', 'elena.romero@gmail.com', '0x334a149a81b0db641af40a8fa8d7ddc01681f886', '1969-02-05', 'Elena', '0416-2521895'),
(2, 'Díaz Silva', '6235870', 'eduardo.díaz@gmail.com', '0x04a6ef0e471db7eb9b27899d584940ac54f92761', '1975-04-20', 'Eduardo', '0424-2383340'),
(3, 'Vega González', '3620423', 'laura.vega@gmail.com', '0xba3e7c907fa227bffab4eb7e4b076a1735a05f19', '1963-06-05', 'Laura', '0418-4199782'),
(4, 'Núñez Morales', '3647031', 'antonia.núñez@gmail.com', '0x689f3931386abcecfccbc5aa69301c25c0219b8a', '1984-08-27', 'Antonia', '0427-2388292'),
(5, 'Núñez Ríos', '8794046', 'ramiro.núñez@gmail.com', '0x81ecf53ee79cc47c052a316f056776343c1fb364', '1974-08-19', 'Ramiro', '0426-6525941'),
(6, 'Vega Flores', '7965729', 'esteban.vega@gmail.com', '0x7a98133ce397ea511c3f689bc0d5562ac7bfc766', '1979-11-10', 'Esteban', '0416-3744232'),
(7, 'Díaz Navarro', '4871437', 'juan.díaz@gmail.com', '0x5bf159d1dc97804a9a17525488eaf662b0ced66c', '2004-05-26', 'Juan', '0411-1375302'),
(8, 'Sánchez Torres', '1659994', 'gabriela.sánchez@gmail.com', '0x86947ce9e4a89b072acd940a4892019b163f8568', '1972-11-15', 'Gabriela', '0426-2586338'),
(9, 'Álvarez Fuentes', '6729004', 'diego.álvarez@gmail.com', '0x7542c67e137bc6b5dfccd89f5a1565cf4889fa4f', '1991-01-02', 'Diego', '0423-5718347'),
(10, 'Gómez Soto', '7730136', 'fernando.gómez@gmail.com', '0xc4865af5e1fb90c065f35a45878cef41581abb57', '1997-08-27', 'Fernando', '0425-1692966'),
(11, 'Núñez Herrera', '1791258', 'lucía.núñez@gmail.com', '0x74abc4df70a60a061972fb0b0da56dd9582ef95e', '1962-06-20', 'Lucía', '0410-9383363'),
(12, 'Correa Torres', '6446601', 'daniela.correa@gmail.com', '0xe4db1e8516ac2238dfa4106f3896fe2647860ea8', '1960-05-06', 'Daniela', '0428-5778836'),
(13, 'Díaz Flores', '8445512', 'carmen.díaz@gmail.com', '0xf02f72fcd29da431e832a21c22d3a45977ad03ed', '2002-03-11', 'Carmen', '0416-8321458'),
(14, 'Pérez Soto', '1991075', 'héctor.pérez@gmail.com', '0xd9e9895be298e972cae875a4943a65cca351343d', '1972-01-22', 'Héctor', '0416-1634190'),
(15, 'Martínez Castillo', '1247543', 'ramiro.martínez@gmail.com', '0xf445ae44da69cf364d601fe8e16033d00abe2fcb', '1998-02-22', 'Ramiro', '0424-2144977'),
(16, 'Díaz Peña', '4808782', 'álvaro.díaz@gmail.com', '0x35666265b9481dfcc890b2669c44b77a2cf571bb', '2000-08-25', 'Álvaro', '0420-8308465'),
(17, 'López Flores', '7012979', 'patricia.lópez@gmail.com', '0xd5e3ba7d81e49824f0a1e25c407922396663eee7', '2003-01-15', 'Patricia', '0425-9142844'),
(18, 'Pérez Reyes', '2661692', 'juan.pérez@gmail.com', '0x8a9c521c056f6399cc16ad04f38a07c3ac8a0886', '2003-09-16', 'Juan', '0414-4815745'),
(19, 'Álvarez González', '9855732', 'esteban.álvarez@gmail.com', '0x7bad220737abdcff4ac29722af125127f5422db6', '1970-11-25', 'Esteban', '0417-9697477'),
(20, 'Mejía Vargas', '3765854', 'sofía.mejía@gmail.com', '0x1020b672b7fd8fe1de610e4c04f7b96272fe6043', '1981-07-08', 'Sofía', '0425-4249952'),
(21, 'Álvarez Acuña', '6646528', 'renata.álvarez@gmail.com', '0x2c65f913fc23dfc531eae57c17d7401b2fdadb3a', '1965-04-23', 'Renata', '0411-6585893'),
(22, 'Vega Lara', '5129875', 'camila.vega@gmail.com', '0x810ca1a0b060b9e62da87e43910a659a844938ac', '2004-09-19', 'Camila', '0419-9816359'),
(23, 'Romero Morales', '5380479', 'elena.romero@gmail.com', '0x1390f7287eac58458fcc08dd908a69edc7250ac1', '1982-12-04', 'Elena', '0423-1833527'),
(24, 'Mejía Delgado', '9163636', 'héctor.mejía@gmail.com', '0x124e1a6be2be2c050c978499cd874faad35d9967', '1980-10-24', 'Héctor', '0427-4061302'),
(25, 'Martínez Herrera', '8400155', 'tomás.martínez@gmail.com', '0x6a5bcc678cbe8668a007eae38e016b90ad8fbc8a', '1994-12-09', 'Tomás', '0415-9119996'),
(26, 'Salazar Lara', '1057998', 'fernando.salazar@gmail.com', '0xb9bfcc581bec580ecb85ea112ea7360a011affe5', '1988-12-02', 'Fernando', '0426-8695746'),
(27, 'López Campos', '6484065', 'sofía.lópez@gmail.com', '0x97d42c3f0e00e1b0e049e481e1ce1bed7e47a668', '2002-07-05', 'Sofía', '0420-5935882'),
(28, 'Sánchez Herrera', '5606570', 'daniel.sánchez@gmail.com', '0xc45c781d171017b7667ee98f7c5bd46ed9407e64', '1968-12-09', 'Daniel', '0419-5796496'),
(29, 'Díaz Lara', '4839038', 'luis.díaz@gmail.com', '0xbbb258040b1f373c7ffdf1f4960bb4e1b26a2073', '1984-12-08', 'Luis', '0418-9981047'),
(30, 'Bravo Silva', '5755650', 'jorge.bravo@gmail.com', '0x96d817eae005a8e7b3337916888307271da4aa7d', '1994-09-15', 'Jorge', '0417-6004492');

INSERT INTO casos (id, demandante, lugar_asignado, materia, tipo_proceso) VALUES
(1, 'Camila García', 'Caracas', 'Civil', 'Sumario'),
(2, 'Paula Gómez', 'Mérida', 'Penal', 'Ejecutivo'),
(3, 'Sofía Álvarez', 'Caracas', 'Civil', 'Sumario'),
(4, 'Nicole Mendoza', 'Maracaibo', 'Civil', 'Ejecutivo'),
(5, 'Mónica Correa', 'Mérida', 'Civil', 'Ordinario'),
(6, 'Antonia Salazar', 'Maracaibo', 'Laboral', 'Ejecutivo'),
(7, 'Ramiro Martínez', 'Valencia', 'Penal', 'Ejecutivo'),
(8, 'Verónica Salazar', 'Valencia', 'Laboral', 'Ordinario'),
(9, 'Claudia Ramírez', 'Valencia', 'Mercantil', 'Ordinario'),
(10, 'Elena Mejía', 'Mérida', 'Mercantil', 'Ordinario'),
(11, 'Lucía Mendoza', 'Barquisimeto', 'Civil', 'Ordinario'),
(12, 'Renata Bravo', 'Maracaibo', 'Mercantil', 'Ordinario'),
(13, 'Álvaro Salazar', 'Valencia', 'Mercantil', 'Sumario'),
(14, 'Gabriela Martínez', 'Mérida', 'Penal', 'Sumario'),
(15, 'Elena Gómez', 'Valencia', 'Penal', 'Ordinario'),
(16, 'Gabriela Mendoza', 'Caracas', 'Penal', 'Ejecutivo'),
(17, 'Mateo Gómez', 'Barquisimeto', 'Civil', 'Sumario'),
(18, 'Verónica García', 'Mérida', 'Penal', 'Ejecutivo'),
(19, 'Eduardo Gómez', 'Mérida', 'Mercantil', 'Ejecutivo'),
(20, 'Nicole Martínez', 'Barquisimeto', 'Laboral', 'Ordinario'),
(21, 'Sebastián García', 'Mérida', 'Civil', 'Ordinario'),
(22, 'Andrés Romero', 'Barquisimeto', 'Mercantil', 'Ordinario'),
(23, 'Iván Salazar', 'Maracaibo', 'Civil', 'Ejecutivo'),
(24, 'Pedro Correa', 'Caracas', 'Civil', 'Ejecutivo'),
(25, 'Daniela Gómez', 'Barquisimeto', 'Laboral', 'Sumario'),
(26, 'Claudia Ramírez', 'Barquisimeto', 'Laboral', 'Ejecutivo'),
(27, 'Esteban Ortega', 'Mérida', 'Laboral', 'Ejecutivo'),
(28, 'Diego Vega', 'Valencia', 'Civil', 'Ordinario'),
(29, 'Fernando Rodríguez', 'Valencia', 'Civil', 'Sumario'),
(30, 'Valeria Ortega', 'Caracas', 'Mercantil', 'Ejecutivo'),
(31, 'Álvaro Mejía', 'Mérida', 'Laboral', 'Ejecutivo'),
(32, 'Sofía Romero', 'Caracas', 'Mercantil', 'Ordinario'),
(33, 'Marcos Salazar', 'Mérida', 'Mercantil', 'Ejecutivo'),
(34, 'Oscar Díaz', 'Mérida', 'Laboral', 'Sumario'),
(35, 'Gabriela Díaz', 'Barquisimeto', 'Laboral', 'Ordinario'),
(36, 'Elena Gómez', 'Barquisimeto', 'Civil', 'Ejecutivo'),
(37, 'Carmen Bravo', 'Mérida', 'Penal', 'Sumario'),
(38, 'Claudia Martínez', 'Mérida', 'Civil', 'Sumario'),
(39, 'Juan Rodríguez', 'Caracas', 'Civil', 'Ordinario'),
(40, 'Juan Gómez', 'Valencia', 'Mercantil', 'Sumario'),
(41, 'Valeria Gómez', 'Mérida', 'Laboral', 'Ejecutivo'),
(42, 'Oscar Mejía', 'Maracaibo', 'Civil', 'Sumario'),
(43, 'Laura Mejía', 'Barquisimeto', 'Civil', 'Sumario'),
(44, 'Valeria Martínez', 'Mérida', 'Laboral', 'Ordinario'),
(45, 'Lucía Núñez', 'Maracaibo', 'Civil', 'Ejecutivo'),
(46, 'Verónica Díaz', 'Maracaibo', 'Civil', 'Sumario'),
(47, 'Iván Núñez', 'Barquisimeto', 'Laboral', 'Ordinario'),
(48, 'Esteban Gómez', 'Barquisimeto', 'Penal', 'Sumario'),
(49, 'Marcos Martínez', 'Barquisimeto', 'Laboral', 'Ejecutivo'),
(50, 'Oscar Vega', 'Maracaibo', 'Penal', 'Ejecutivo'),
(51, 'Tomás Romero', 'Valencia', 'Penal', 'Ejecutivo'),
(52, 'Pedro Martínez', 'Maracaibo', 'Penal', 'Ordinario'),
(53, 'Camila Hernández', 'Caracas', 'Civil', 'Sumario'),
(54, 'Gabriela Bravo', 'Barquisimeto', 'Penal', 'Ordinario'),
(55, 'Isabel Mejía', 'Barquisimeto', 'Civil', 'Sumario'),
(56, 'Tomás López', 'Mérida', 'Penal', 'Ordinario'),
(57, 'Juan Bravo', 'Maracaibo', 'Laboral', 'Ordinario'),
(58, 'Paula Correa', 'Barquisimeto', 'Laboral', 'Ejecutivo'),
(59, 'Héctor Álvarez', 'Valencia', 'Laboral', 'Sumario'),
(60, 'Paula Gómez', 'Valencia', 'Mercantil', 'Sumario');

INSERT INTO contratos (id, detalles, fecha, hash_address, precio_bs, precio_eth, abogado_id, caso_id, cliente_id) VALUES
(1, 'Contrato generado automáticamente #1', '2024-11-02', '0x8fb135688dd5e048e6755ee9d257bc31c2c6077b', 7514.53, '0.063', 3, 19, 10),
(2, 'Contrato generado automáticamente #2', '2024-11-04', '0x3d3600beeae8347a9f9371060ea3a199fd8ad515', 3441.35, '0.263', 2, 51, 19),
(3, 'Contrato generado automáticamente #3', '2022-12-02', '0xcc70f47e038510bacaf13fa6adbd0c4f4fa4e487', 5143.73, '0.464', 6, 13, 26),
(4, 'Contrato generado automáticamente #4', '2024-11-13', '0x4889bf47e0a96499bb215bc920f578ea302e3e31', 5651.4, '0.289', 5, 54, 20),
(5, 'Contrato generado automáticamente #5', '2022-02-18', '0x88949a4dafb1f394518bfd41326ac30732d37079', 7826.77, '0.495', 4, 60, 3),
(6, 'Contrato generado automáticamente #6', '2024-05-13', '0x067ea8b996bf066e2c747855d30f0c856fbe6428', 6650.91, '0.059', 2, 12, 1),
(7, 'Contrato generado automáticamente #7', '2024-12-10', '0x5092a661ec4799b9754e8dcdf109e7b64d0cf471', 4124.14, '0.402', 1, 13, 2),
(8, 'Contrato generado automáticamente #8', '2024-04-25', '0x8d6d4a890c14076304109e9c024cd47a5576b3cc', 2298.46, '0.37', 3, 57, 22),
(9, 'Contrato generado automáticamente #9', '2024-02-06', '0xfefb97f5d2660f4ed4663c981c84eb6ffa50d23a', 6394.24, '0.235', 7, 50, 18),
(10, 'Contrato generado automáticamente #10', '2023-11-08', '0xd38475968e764809c86d245875ae887e9e9b5e8e', 9518.69, '0.189', 3, 45, 26),
(11, 'Contrato generado automáticamente #11', '2024-03-31', '0x92fd0120e7d3635c6b53afdfb5dc99caa2549032', 4250.84, '0.094', 6, 21, 10),
(12, 'Contrato generado automáticamente #12', '2023-12-06', '0x4c2f03db08ed801dacf66a63845abc16cc9838a3', 3411.93, '0.145', 1, 29, 24),
(13, 'Contrato generado automáticamente #13', '2024-08-09', '0x273916854a83c8e76b96b8787859a2ead1ad64d9', 3475.98, '0.078', 6, 2, 10),
(14, 'Contrato generado automáticamente #14', '2024-04-04', '0xdf0ffe133d4636b07a1da6e0008d391697361b87', 4309.77, '0.473', 1, 60, 6),
(15, 'Contrato generado automáticamente #15', '2022-03-05', '0x499d72d42dcd1d5613616ffdfc4736904686c4d8', 2717.52, '0.262', 4, 11, 4),
(16, 'Contrato generado automáticamente #16', '2022-03-06', '0x814875077b50b5c8f1a46df6b6cc25c64f10caa3', 3666.57, '0.208', 3, 4, 28),
(17, 'Contrato generado automáticamente #17', '2023-06-19', '0xc5089b06584944f36eccbbe7b9550e837ef903c5', 9724.14, '0.227', 6, 54, 21),
(18, 'Contrato generado automáticamente #18', '2024-05-28', '0x027eb66eb39eed4dc9beb8ba086d64d4b501ec46', 9075.27, '0.064', 3, 13, 15),
(19, 'Contrato generado automáticamente #19', '2022-03-11', '0x98c9729f8d11866bbe6b9dd5ec13a1346646efe0', 7837.21, '0.216', 5, 1, 22),
(20, 'Contrato generado automáticamente #20', '2022-10-04', '0x6ebac41c8f914d7d9c4f34f0e27b9b85e80a513f', 3680.87, '0.207', 5, 10, 22),
(21, 'Contrato generado automáticamente #21', '2023-12-09', '0x39295e2ce307e28a85ab36a372e764f1664accf7', 8592.58, '0.346', 5, 52, 21),
(22, 'Contrato generado automáticamente #22', '2023-05-03', '0x5160f809a11abd69211bd591fab6864cc5930226', 8837.94, '0.261', 7, 55, 28),
(23, 'Contrato generado automáticamente #23', '2023-07-05', '0x0dae3593bac85bb4f99670bedc3fa362b550d1e1', 4856.31, '0.453', 2, 37, 10),
(24, 'Contrato generado automáticamente #24', '2023-02-05', '0x8ea8cd17024094f6a9c57655669eb6b4b47f7b09', 6042.85, '0.461', 1, 24, 28),
(25, 'Contrato generado automáticamente #25', '2022-01-25', '0x66ca52fd9dcfa06673240fc25d0c146e747023c2', 8242.9, '0.299', 5, 1, 15),
(26, 'Contrato generado automáticamente #26', '2024-12-03', '0x0b0ea859a56a003b6ff8f4e2970e4c1315c6d4fd', 8288.64, '0.454', 4, 14, 12),
(27, 'Contrato generado automáticamente #27', '2023-10-30', '0x9c1af246cc86603070014454bc833ef3749e9089', 2793.63, '0.26', 1, 41, 5),
(28, 'Contrato generado automáticamente #28', '2023-07-23', '0x0b6c5d3ed57a97882141b406c8bf4ce668c27a07', 7926.38, '0.057', 4, 2, 1),
(29, 'Contrato generado automáticamente #29', '2023-01-26', '0x9aaa9386c7e66402218adb167994f50a555f92e4', 9105.25, '0.339', 7, 22, 24),
(30, 'Contrato generado automáticamente #30', '2024-03-25', '0xac96d030db63d93fd72fc486efd2b5f040c67d37', 5831.6, '0.17', 5, 28, 10),
(31, 'Contrato generado automáticamente #31', '2024-05-10', '0x8d92f840c6044aa1924b3eb2634ba8e1a886e9b0', 3480.08, '0.328', 6, 12, 25),
(32, 'Contrato generado automáticamente #32', '2022-01-25', '0x8c8a751aa61ec3fe62f9712bd83e8662cd7c0532', 5817.75, '0.061', 7, 50, 4),
(33, 'Contrato generado automáticamente #33', '2023-01-24', '0x5e9af007410d1af2b5768f87e72d1538ff076771', 3426.61, '0.47', 7, 59, 25),
(34, 'Contrato generado automáticamente #34', '2024-11-20', '0x3f433a2652354299bd4c7ab4a014ff1b7ded27d4', 6816.07, '0.191', 3, 12, 25),
(35, 'Contrato generado automáticamente #35', '2024-04-06', '0x513e5f2d93e2a3c96dd717f788d3bc292f346a09', 2749.31, '0.492', 7, 30, 8),
(36, 'Contrato generado automáticamente #36', '2022-10-23', '0x9bc04b33c6e1bd9eda082357d71a9f0d7f80c89e', 9747.69, '0.132', 3, 29, 7),
(37, 'Contrato generado automáticamente #37', '2022-06-03', '0x766ce3b22789139a2018613104354dc8f2040d60', 7954.18, '0.21', 6, 51, 25),
(38, 'Contrato generado automáticamente #38', '2022-06-28', '0xeb76e47d1174e1b31de1dcf63e5c802407d24c66', 7462.66, '0.201', 4, 4, 28),
(39, 'Contrato generado automáticamente #39', '2023-09-09', '0xad6112739a8d6b3f9618bb68710c95eacacfc0e2', 8210.46, '0.44', 1, 52, 10),
(40, 'Contrato generado automáticamente #40', '2023-09-10', '0xc66696352812e333914a2a7b8c17c5b6d57faad7', 5596.81, '0.14', 7, 43, 30),
(41, 'Contrato generado automáticamente #41', '2023-07-19', '0x82fa6f85a3ab87e3137c4b3eedd1610576591e21', 8897.84, '0.099', 2, 47, 24),
(42, 'Contrato generado automáticamente #42', '2024-11-06', '0x5be5940d2a41da1efa6645521f9064a4a5609229', 4248.22, '0.277', 3, 41, 16),
(43, 'Contrato generado automáticamente #43', '2022-09-08', '0x91a2b5b1584490e8225f60335d64f063bd226f73', 9964.99, '0.188', 7, 52, 18),
(44, 'Contrato generado automáticamente #44', '2024-05-25', '0x9ef11cd51748ea77628c3b7327a41604f92dff55', 4195.84, '0.489', 2, 34, 23),
(45, 'Contrato generado automáticamente #45', '2023-03-06', '0xf9853a826e424fa6fa540fd2da32d484c1ec187d', 9322.5, '0.411', 3, 32, 26),
(46, 'Contrato generado automáticamente #46', '2023-11-23', '0x8426e1ef8e44f46d50bc8e074bf5eef962ceb409', 6886.21, '0.282', 1, 10, 9),
(47, 'Contrato generado automáticamente #47', '2022-06-20', '0xf02ca197337e5feefb616c038fb37fdf40e37ae6', 7359.99, '0.428', 3, 23, 23),
(48, 'Contrato generado automáticamente #48', '2024-01-16', '0xf09971e8fa5586d5911fa79a35c7a6e967e07205', 3583.54, '0.335', 2, 48, 28),
(49, 'Contrato generado automáticamente #49', '2022-10-14', '0x1fe54faa0eb07ecd2871a74fd8bd623e2fd446d8', 2366.76, '0.406', 7, 40, 20),
(50, 'Contrato generado automáticamente #50', '2022-07-01', '0x73d8b71442060c6cedc2fc19ca35421f353b4601', 4728.59, '0.412', 2, 59, 18),
(51, 'Contrato generado automáticamente #51', '2023-05-22', '0x78c2d10c32bbb9342c36912f5128d96802662269', 9814.76, '0.402', 2, 46, 13),
(52, 'Contrato generado automáticamente #52', '2023-03-20', '0xaa2fd9ad0a67aa676ba9497507f2bb4df3177e45', 3042.0, '0.189', 7, 20, 22),
(53, 'Contrato generado automáticamente #53', '2023-07-18', '0x0aa8f8981f7d86ea6445471de85746024d7e4429', 6579.76, '0.223', 6, 3, 25),
(54, 'Contrato generado automáticamente #54', '2024-12-30', '0xb2b2f56fe63d4a15edc9c0f9ce3fa5d1d0357c07', 9585.89, '0.268', 3, 22, 9),
(55, 'Contrato generado automáticamente #55', '2023-01-02', '0xe7e930321b1f3139a72914e34379a1c79d86ef7e', 5199.11, '0.364', 5, 3, 30),
(56, 'Contrato generado automáticamente #56', '2022-06-22', '0x20ea84dc086de55d8e2e4e3f8afbbf70930b029d', 7143.36, '0.354', 1, 40, 24),
(57, 'Contrato generado automáticamente #57', '2024-06-19', '0x2775b09816f9b772dabc438b316566cf2baca265', 9040.91, '0.439', 5, 12, 5),
(58, 'Contrato generado automáticamente #58', '2024-10-01', '0xeeaab42abc8e80b5daa672bd810ba24f080b8cfd', 2362.63, '0.365', 2, 3, 10),
(59, 'Contrato generado automáticamente #59', '2023-10-08', '0x9c2ed624db27ddbafa23ee5ba6ffe202c6cd9847', 7047.38, '0.48', 7, 44, 12),
(60, 'Contrato generado automáticamente #60', '2022-11-12', '0xa3848222a093f5722cd5c95c093e9d066653a42b', 3518.02, '0.482', 7, 10, 20),
(61, 'Contrato generado automáticamente #61', '2022-11-26', '0x5ac8149eccf9f7c9e86e45cdab4d5d3f74d0d898', 8695.74, '0.09', 7, 41, 11),
(62, 'Contrato generado automáticamente #62', '2023-05-30', '0x181c953ecbf2a54865aa9541f5c64323949e1bdb', 9822.06, '0.19', 6, 12, 8),
(63, 'Contrato generado automáticamente #63', '2022-06-21', '0x7e045d9db13562a58c59d5ac36c5e8b74ab43dc6', 2566.62, '0.269', 4, 27, 30),
(64, 'Contrato generado automáticamente #64', '2023-06-03', '0x42bc3cb838260569bb6b5b5a5e79407a9e135a2d', 7958.72, '0.345', 6, 2, 14),
(65, 'Contrato generado automáticamente #65', '2023-08-26', '0xbb7449b952308310a82732dddd3d00c3181ae48f', 7680.15, '0.216', 6, 50, 28),
(66, 'Contrato generado automáticamente #66', '2022-07-25', '0x2319edfb529df048e09602bec207e54d8a8db424', 6975.4, '0.257', 4, 17, 22),
(67, 'Contrato generado automáticamente #67', '2022-07-12', '0xb1b8359fb1680582688a89876981f35859d38b07', 6250.3, '0.366', 3, 9, 24),
(68, 'Contrato generado automáticamente #68', '2022-12-21', '0x1684b3e9cdf146a05a961949b4104dd22487c852', 6500.23, '0.207', 7, 55, 21),
(69, 'Contrato generado automáticamente #69', '2023-05-26', '0x78b55f7bd3f3d1ff7c441f0a9b17de03c90af259', 5351.37, '0.15', 3, 56, 27),
(70, 'Contrato generado automáticamente #70', '2023-09-19', '0xd291072a48a0b40be9234d958c6c1adc9fd44a0e', 8656.56, '0.464', 5, 53, 2),
(71, 'Contrato generado automáticamente #71', '2023-01-24', '0xd9635f42141865504b9719a9b41555ecd59c32ee', 7933.83, '0.362', 2, 54, 18),
(72, 'Contrato generado automáticamente #72', '2024-08-18', '0xf24bebffe76c713afae4cc9e63d90b90bc177700', 5222.45, '0.464', 3, 47, 11),
(73, 'Contrato generado automáticamente #73', '2024-08-27', '0xec7b79e60f1ca043608d336bfa427a1281d41b68', 2447.35, '0.258', 2, 50, 29),
(74, 'Contrato generado automáticamente #74', '2023-08-07', '0x9e34c1e9d34ae3e4bfb0e324b0e327f1288e02b8', 9922.6, '0.381', 1, 28, 17),
(75, 'Contrato generado automáticamente #75', '2022-02-02', '0x5d728601a2a87ec821599c98dfb7f1aff585e0ef', 7438.88, '0.371', 2, 29, 26),
(76, 'Contrato generado automáticamente #76', '2024-12-09', '0x39b001b14efa5e9bcd82246211b737bc85fd059d', 2436.19, '0.141', 5, 18, 27),
(77, 'Contrato generado automáticamente #77', '2022-02-05', '0x10d0560e802ba23cac7758b9b275c0bef1006a0c', 3978.55, '0.48', 7, 35, 11),
(78, 'Contrato generado automáticamente #78', '2024-02-28', '0xcdf96815112d28dab5aece7063419df9d6d0653d', 2684.55, '0.436', 3, 11, 26),
(79, 'Contrato generado automáticamente #79', '2024-05-09', '0x403a81f17a3e8aaed7e41fb40cb6ff9078c18121', 7089.12, '0.096', 6, 10, 14),
(80, 'Contrato generado automáticamente #80', '2022-10-04', '0x6c6655c258802cd66649fe81e0172d3037b6ca3e', 5930.61, '0.481', 4, 44, 11),
(81, 'Contrato generado automáticamente #81', '2024-07-08', '0xfa3aaa49961b556ecbdb1b2136d4a5f624c8ab8f', 6651.74, '0.178', 2, 53, 23),
(82, 'Contrato generado automáticamente #82', '2023-06-15', '0x8dae9f04b9de51e197dccee95e0cbd0412c70339', 5635.75, '0.483', 4, 35, 25),
(83, 'Contrato generado automáticamente #83', '2024-09-12', '0xc05b7f1c73700a6b56b08f672b58343cdc56dd0a', 8282.38, '0.081', 4, 59, 15),
(84, 'Contrato generado automáticamente #84', '2023-04-23', '0x88161da7823b465c366d7a4408fa976707bba054', 4863.04, '0.059', 2, 53, 15),
(85, 'Contrato generado automáticamente #85', '2022-11-15', '0xec8bfe9f9dbd8353413fdc416034f276010f0248', 4759.8, '0.35', 6, 2, 23),
(86, 'Contrato generado automáticamente #86', '2022-03-29', '0xdf7402e9d8bf1826fec88e8fe1348e64e4722a5d', 6563.15, '0.283', 5, 15, 24),
(87, 'Contrato generado automáticamente #87', '2023-03-26', '0xa56ee0c32073db7ab6aa06c065a987b5fdb56ad2', 2116.49, '0.099', 5, 31, 30),
(88, 'Contrato generado automáticamente #88', '2024-08-28', '0x1c86a7a03775e0ed1b34713a291256571382efe2', 5723.09, '0.393', 4, 24, 21),
(89, 'Contrato generado automáticamente #89', '2023-08-28', '0x754953ad8588169df3aa0f9ce5e165efd1943cda', 3934.08, '0.128', 7, 11, 8),
(90, 'Contrato generado automáticamente #90', '2024-07-16', '0x936a0ca15dcb2614a39f1d35a6030fc93b8bd116', 8510.18, '0.489', 7, 19, 20),
(91, 'Contrato generado automáticamente #91', '2024-06-12', '0x4e9719e3b5ad4c55589ab731af7a88a2024f49c1', 4889.41, '0.331', 1, 14, 24),
(92, 'Contrato generado automáticamente #92', '2024-07-16', '0x35e77e64438bcf89eeee96009f003570460143a9', 3307.67, '0.342', 5, 46, 12),
(93, 'Contrato generado automáticamente #93', '2024-05-01', '0x3c6f9eb3d4bff1bbee49e3cda69fdc330f83e076', 8152.84, '0.144', 5, 18, 20),
(94, 'Contrato generado automáticamente #94', '2022-03-12', '0x4401377a9b9fb68cbce520e0a54c482e365f123d', 4686.5, '0.284', 5, 55, 9),
(95, 'Contrato generado automáticamente #95', '2023-02-08', '0x432ec0605595fd9be04d9fdbe41ffeafe5e75897', 6598.09, '0.16', 7, 45, 28),
(96, 'Contrato generado automáticamente #96', '2022-09-02', '0xc4b724cf872987d87b88774de8ded95c75d23c35', 9055.29, '0.246', 3, 8, 17),
(97, 'Contrato generado automáticamente #97', '2023-02-18', '0x2dccabba18a9cefd401e4251d781aabee703f937', 3974.27, '0.132', 5, 23, 12),
(98, 'Contrato generado automáticamente #98', '2024-07-19', '0x20b786f6ee12618349ef9331724d62f394ecc4a7', 7896.82, '0.203', 2, 31, 19),
(99, 'Contrato generado automáticamente #99', '2023-11-12', '0x4f6f93ea8a1ccb2e575407befb3976698ce8ff44', 2215.87, '0.198', 3, 44, 10),
(100, 'Contrato generado automáticamente #100', '2022-07-04', '0x95fcf7570512f32b944a83a5c0f03fdd79f8929a', 4205.98, '0.396', 2, 14, 5);

